image,person,basis,L,a,b,ITA,r,g,bl
1-boy,0,face,88.4,10.7,13.3,70.9,252,214,197
10-boy1,0,face,93.1,1.7,21.1,63.9,254,233,195
10-girl1,0,face,87.2,7.7,33.7,47.8,255,212,155
10-girl2,0,face,72.5,31.5,48.9,24.7,252,153,89
10-tall,0,face,40.4,34.6,32.2,-16.5,156,69,44
103-homework-desk,100,face,71.5,21.3,37.3,30.0,231,159,108
103-homework-desk-puzzle,0,face,71.5,21.3,37.2,30.0,231,159,108
103-puzzle-desk,0,face,71.5,21.3,37.3,30.0,231,159,108
103-puzzle-floor,0,face,71.5,21.3,37.3,30.0,231,159,108
13-boy-running,0,face,82.3,13.9,43.3,36.7,255,193,124
13-person-sitting,0,face,87.5,12.0,17.7,64.7,254,210,186
15-girl-sitting,0,face,88.4,8.4,23.8,58.2,254,215,177
15-girl-skipping,0,face,58.0,23.4,41.4,10.9,195,122,67
17-boy-running,0,face,90.6,7.9,15.5,69.1,255,222,199
17-boy-sitting,100,face,82.9,14.3,36.7,41.8,254,195,138
18-baby-sitting,0,face,91.2,5.9,16.9,67.7,254,225,198
18-girl-standing,0,face,72.0,20.3,40.5,28.5,232,161,103
19-girl-jumping,0,face,86.4,12.0,24.3,56.3,255,207,171
19-girl-not-jumping,0,face,86.4,12.0,24.3,56.3,255,207,171
2-woman,0,face,79.9,19.2,39.8,37.0,254,183,125
20-girl-standing,0,face,80.4,20.6,32.5,43.1,255,184,140
20-man-standing,0,face,62.0,26.7,38.8,17.2,211,130,82
21-boy-hold-box,0,face,91.2,5.7,19.0,65.3,255,225,194
21-boy-jump-box,0,face,54.3,37.2,40.0,6.1,202,101,62
21-boy-run,0,face,77.3,26.8,27.2,45.1,253,171,142
22-girl-at-table,0,face,80.6,17.7,25.8,49.9,248,187,153
22-girl-on-table,100,face,43.4,26.1,31.7,-11.7,154,84,51
22-girl-squatting,100,face,69.5,26.0,41.1,25.3,233,150,96
23-girl-kick-apple,100,face,77.0,20.5,45.5,30.6,249,174,106
23-horse-eat-apple,0,face,87.0,11.5,23.0,58.2,255,209,175
23-man-eat-apple,0,face,44.7,30.8,33.5,-9.0,163,83,51
23-woman-eat-dinner,0,face,79.8,22.9,28.0,46.8,255,181,147
24-woman-carry-bag,0,face,81.7,18.5,31.5,45.1,255,189,145
24-woman-carry-chair,0,face,63.9,27.8,38.6,19.8,218,134,87
24-woman-drop-bag,0,face,87.6,10.9,20.0,62.0,255,211,182
25-2-girls-on-table,0,face,56.8,28.7,34.7,11.0,197,115,77
25-2-girls-on-table,1,face,83.3,17.2,23.2,55.1,254,195,165
25-2-people-draw-on-table,0,face,37.3,28.8,26.7,-25.4,138,67,46
25-2-people-draw-on-table,1,face,85.5,14.3,22.0,58.2,255,203,173
25-2-people-on-carpet,0,face,90.9,7.8,13.2,72.1,254,223,204
25-2-people-on-carpet,1,face,78.7,23.8,32.9,41.1,255,177,135
25-boy-on-table,100,face,73.6,31.3,36.6,32.8,252,157,115
26-2-girls-face-cow,0,face,85.0,15.3,22.0,57.9,255,201,172
26-2-girls-face-cow,1,face,92.9,4.1,14.5,71.3,254,231,207
26-girl-faces-cow,0,face,65.8,31.3,39.6,21.7,229,136,90
26-two-boys-ride-cow,0,face,85.5,11.6,30.0,49.8,255,204,157
26-two-boys-ride-cow,1,face,56.4,28.9,43.8,8.3,199,113,59
26-two-people-look-at-butterfly,0,face,72.2,20.1,36.1,31.6,231,162,112
26-two-people-look-at-butterfly,100,face,72.1,20.6,36.3,31.4,231,161,112
27-boys-jump-grass,0,face,75.8,16.1,25.4,45.5,231,175,141
27-boys-jump-grass,1,face,36.1,20.3,26.5,-27.7,125,71,43
27-boys-jump-wall,0,face,37.6,28.1,32.8,-20.8,140,68,36
27-boys-jump-wall,1,face,77.8,22.2,28.4,44.4,248,176,141
27-girl-jump-wall,0,face,91.8,3.5,22.0,62.2,255,228,189
27-girls-behind-wall,100,face,87.8,8.1,29.3,52.2,255,213,165
27-girls-behind-wall,101,face,76.5,24.3,47.6,29.1,254,170,101
27-people-jump-wall,0,face,83.4,17.1,25.4,52.7,255,195,161
27-people-jump-wall,1,face,64.6,30.2,36.4,21.8,223,134,93
28-boy-rides-elephant,0,face,87.7,8.1,29.9,51.6,255,213,164
28-elephant-carries-them,100,face,65.2,29.6,37.2,22.2,224,136,93
28-elephant-carries-them,101,face,77.6,23.7,40.1,34.5,255,174,119
28-run-from-elephant,0,face,87.7,8.1,29.7,51.8,255,213,164
28-run-from-elephant,100,face,65.0,29.8,37.6,21.8,223,135,92
28-woman-carries-babies,0,face,85.8,12.3,26.6,53.4,255,205,165
28-woman-carries-babies,100,face,88.2,7.2,29.9,52.0,255,215,165
29-boy-rides-horse,0,face,87.1,10.1,26.8,54.2,255,210,168
29-girl-pushes-horse,0,face,92.8,5.6,11.7,74.7,255,230,212
29-girl-pushes-man,0,face,87.6,9.5,25.5,55.9,255,212,172
29-girl-pushes-man,1,face,87.6,9.5,25.5,55.9,255,212,172
29-horse-pushes-girl,0,face,67.7,29.0,37.8,25.0,231,143,98
3-man,0,face,86.0,13.7,21.1,59.6,255,205,176
30-boy-chases-ball,0,face,71.4,28.9,37.4,29.7,242,153,108
30-boy-chases-sheep,0,face,86.0,13.7,21.1,59.6,255,205,176
30-sheep-chases-man,1,face,52.0,23.2,40.3,2.9,177,107,55
31-dog-chases-boy,0,face,78.6,21.2,30.7,43.0,250,178,139
31-girl-pets-dog,0,face,34.5,27.7,34.5,-24.3,131,61,26
31-man-chases-cart,0,face,85.6,13.1,25.3,54.6,255,204,167
31-man-chases-dog,0,face,70.9,28.3,42.0,26.4,241,152,98
32-cow-pushes-woman,0,face,81.5,17.2,33.7,43.1,254,189,142
32-girl-feeds-cow,0,face,86.3,13.0,22.0,58.8,255,206,175
32-girl-pushes-cow,0,face,47.5,36.1,38.5,-3.7,180,85,49
32-girl-pushes-woman,0,face,68.9,19.5,27.2,34.8,217,154,120
32-girl-pushes-woman,101,face,62.6,22.5,30.1,22.6,204,135,99
33-girl-behind-chair,0,limbs,85.0,13.7,25.7,53.7,255,202,165
33-man-in-chair,0,face,70.8,21.8,34.8,30.9,229,157,111
33-woman-in-chair,100,face,44.3,28.4,34.5,-9.4,160,84,48
33-woman-on-grass,0,face,82.3,18.2,28.6,48.4,255,191,152
34-guy-on-horse,100,face,69.5,36.6,51.8,20.6,251,141,76
34-woman-holds-baby,0,face,83.6,15.3,26.7,51.5,254,197,158
34-woman-holds-girl,0,face,89.2,9.3,18.2,65.1,255,217,190
34-woman-holds-girl,100,face,89.1,9.3,18.5,64.7,255,217,189
34-woman-holds-hands,0,face,62.1,28.9,50.2,13.6,217,128,60
34-woman-holds-hands,1,face,51.0,27.9,34.8,1.6,179,101,63
35-boy-in-tree,0,face,83.0,16.5,30.1,47.6,255,194,151
35-boy-on-bench,0,face,42.3,35.8,44.7,-9.8,164,72,24
35-boy-touching-tree,0,face,82.8,14.0,38.2,40.7,254,195,135
35-girl-in-tree,0,face,54.3,35.0,43.1,5.7,200,103,56
36-boy-behind-horse,0,face,87.4,8.0,30.3,51.0,254,212,162
36-girl-before-horse,100,face,55.8,27.3,30.0,11.0,191,114,83
36-girl-rides-horse,0,face,87.4,11.8,19.8,62.0,255,210,182
36-woman-on-bench,0,limbs,62.3,33.5,45.3,15.2,223,125,71
36-woman-on-bench,1,face,80.4,20.6,32.5,43.1,255,184,140
37-kids-play-ball,0,face,82.8,17.4,27.8,49.7,255,193,155
37-kids-play-ball,1,face,82.8,17.4,27.8,49.7,255,193,155
38-guy-lay-on-chairs,0,face,68.7,34.8,39.5,25.4,243,141,98
38-guy-on-chair,0,face,78.1,23.9,36.6,37.6,255,175,126
38-guy-on-chairs,0,face,63.2,27.9,41.9,17.5,217,132,79
39-boy-picks-apples,0,face,84.2,8.6,26.9,51.8,244,203,160
39-boys-eat-apples,0,face,65.6,16.7,29.6,27.7,204,147,107
39-boys-eat-apples,1,face,86.0,10.1,26.9,53.3,252,207,165
39-boys-pick-apples,0,limbs,87.9,7.4,28.9,52.7,254,214,166
39-boys-pick-apples,1,face,57.2,20.4,48.1,8.5,190,122,51
39-they-eat-apples,0,face,65.6,16.7,29.6,27.7,204,147,107
39-they-eat-apples,1,face,86.0,10.1,26.9,53.3,252,207,165
39-they-pick-flowers,0,face,87.9,9.4,24.3,57.4,255,213,175
39-they-pick-flowers,1,face,50.2,20.1,37.8,0.3,167,105,55
40-girl-bounces-balls,0,face,74.0,20.1,32.2,36.8,235,167,124
40-girl-drops-cup,0,face,87.1,10.1,26.8,54.2,255,210,168
40-girl-drops-cups,0,face,93.2,4.4,13.5,72.6,255,232,210
40-girl-hold-cup,0,face,49.5,28.2,39.4,-0.7,176,97,51
44-feed-horse-apple,0,face,76.1,12.4,32.1,39.1,229,178,129
45-girl-chase-horse,0,face,86.0,11.5,25.2,55.0,254,206,168
45-girl-ride-horse,0,face,46.0,23.9,29.8,-7.7,158,92,60
45-horse-chase-girl,0,face,87.7,9.9,24.0,57.5,255,212,174
46-boy-push-elephant,0,face,26.8,22.8,25.1,-42.8,102,48,25
46-boy-push-truck,0,face,66.8,21.2,29.2,29.8,214,147,111
46-elephant-push-boy,0,face,56.9,20.2,29.5,13.1,184,122,86
46-elephant-push-woman,0,face,56.9,20.2,29.5,13.1,184,122,86
46-man-feed-elephant,0,face,88.7,8.1,24.3,57.9,255,216,177
47-boy-chases-horse,0,face,76.1,17.9,35.5,36.4,239,174,123
47-girl-rides-horse,0,face,63.5,21.5,32.4,22.6,206,138,97
47-horse-chases-boy,0,face,78.5,18.1,24.9,48.8,242,181,149
48-cow-pushes-man,0,face,45.4,25.9,32.6,-8.1,159,89,54
48-man-pushes-cow,0,face,81.9,6.6,25.2,51.7,233,198,157
48-man-pushes-pram,0,face,92.1,4.8,17.5,67.4,255,228,199
5-dropping,0,face,30.1,28.8,23.3,-40.6,118,50,36
5-eating,0,face,81.0,19.4,31.4,44.6,255,186,143
5-kicking,0,face,70.4,31.2,47.1,23.4,245,148,87
5-riding,0,face,89.2,7.1,23.6,58.9,254,218,179
53-boy-chases-horse,0,face,89.2,8.5,9.7,76.1,248,218,206
53-horse-chases-boy,100,face,55.8,17.7,34.7,9.6,179,121,74
53-horse-chases-tall-boy,0,face,63.3,15.8,24.3,28.8,194,142,111
53-tall-boy-chases-horse,0,face,90.5,5.8,15.8,68.7,251,223,198
59-boy-jumps-horse-stands,0,face,47.0,24.5,31.1,-5.5,162,94,60
59-horse-and-boy-jump,0,face,92.1,5.1,16.6,68.5,255,228,201
59-horse-and-boy-stand,0,face,77.8,12.6,22.7,50.7,230,183,151
59-horse-jumps-boy-stands,0,face,70.0,18.4,39.9,26.6,223,157,99
6-climbing,0,face,74.4,22.1,46.4,27.8,244,166,98
6-picking,0,face,89.2,6.6,25.2,57.3,255,218,177
6-running,0,face,89.7,6.3,24.7,58.2,255,220,179
6-standing,0,face,70.1,29.8,60.3,18.4,245,148,58
60-sitting-boy,100,face,72.7,18.7,44.0,27.3,233,164,98
60-sitting-boy-banana,0,face,79.5,11.4,35.3,39.8,238,187,131
60-sitting-person-banana,0,face,81.2,16.9,39.4,38.4,254,188,128
60-standing-man-banana,0,face,88.0,9.6,23.3,58.5,255,213,177
60-standing-woman,0,face,88.3,9.6,20.0,62.4,254,214,184
67-girl-cat-sitting,0,face,66.7,29.4,29.9,29.1,226,141,109
67-girl-cat-stand,0,face,88.3,11.0,16.7,66.4,255,214,190
67-girl-point-cat,0,face,75.9,22.9,39.9,33.0,247,170,115
67-girl-sit-cat-stand,100,face,84.9,14.8,23.2,56.5,255,201,170
68-banana-and-juice,0,face,85.5,13.9,22.2,58.0,254,203,172
68-drink-juice,0,face,66.7,29.4,30.1,29.1,226,141,109
68-eat-banana,0,face,76.4,22.7,40.0,33.4,248,171,116
68-hands-in-pockets,0,face,91.5,4.3,20.2,64.1,254,227,192
7-holding,0,face,83.9,16.6,23.5,55.3,255,197,166
7-jumping,0,face,45.7,28.0,31.3,-7.8,163,88,57
7-pushing,0,face,69.7,36.6,40.8,25.8,249,142,100
7-sitting,0,face,93.7,0.6,22.4,62.9,255,235,194
70-dog-chases-girl,100,face,52.7,20.0,29.1,5.4,172,112,77
70-girl-chases-big-dog,0,face,64.3,19.0,30.7,25.0,204,142,102
70-girl-chases-small-dog,0,face,89.4,7.5,14.4,69.9,250,219,197
70-girl-chases-small-dog2,0,face,79.0,11.4,24.3,50.1,231,187,151
75-boy-before-horse,0,face,59.8,19.7,30.2,18.1,192,130,92
75-boy-behind-horse,0,face,72.1,28.2,36.1,31.5,243,156,112
75-boy-chases-horse,100,face,68.7,22.3,31.9,30.4,222,152,111
75-girl-chases-horse,0,face,87.5,5.0,17.8,64.7,242,215,186
76-hat-and-shoes,0,face,81.4,17.2,31.3,45.0,254,189,144
76-hat-no-shoes,0,face,69.7,15.6,34.1,30.1,216,159,109
76-no-hat-no-shoes,0,face,52.1,19.9,33.7,3.5,171,110,67
76-shoes-no-hat,0,face,91.0,7.2,12.5,73.1,253,224,206
8-dancing,0,face,86.3,12.4,22.0,58.8,254,207,173
8-dancing,1,face,69.8,27.9,29.3,34.1,233,150,119
8-dancing,2,limbs,90.6,1.9,32.1,51.7,254,225,167
8-dancing,100,face,90.6,2.1,32.1,51.7,254,225,167
8-drinking,0,face,87.0,11.6,20.8,60.6,254,209,179
8-reading,0,face,79.0,21.4,42.1,34.6,255,179,119
8-running,0,face,69.8,27.9,29.3,34.1,233,150,119
80-dog-chases-small-boy,0,face,76.5,15.8,26.3,45.2,233,177,141
80-dog-chases-tall-boy,0,face,50.6,28.1,30.9,1.0,177,100,69
80-small-boy-chases-dog,100,face,94.1,3.8,9.0,78.5,253,235,221
80-tall-boy-chases-dog,100,face,68.5,24.1,36.5,26.8,226,149,102
82-desk,0,face,71.8,32.5,42.3,27.2,249,151,100
82-notebook-tree,100,face,49.6,31.8,39.7,-0.6,181,94,51
82-notebook-writing,0,face,86.6,11.6,22.4,58.6,254,208,175
82-paper-tree,100,face,78.7,23.1,34.2,40.0,255,178,133
83-picnic-island-rainy,0,face,75.9,12.0,16.9,56.8,221,178,156
83-picnic-island-rainy,1,face,47.1,22.2,33.2,-4.9,160,96,56
83-picnic-island-sunny,0,face,93.2,3.8,15.5,70.3,255,232,206
83-picnic-island-sunny,100,face,70.3,22.3,40.5,26.6,230,155,99
83-picnic-park-rainy,100,face,62.7,21.8,26.4,25.7,202,136,106
83-picnic-park-rainy,101,face,72.3,22.4,28.8,37.8,232,161,126
83-picnic-sunny-park,0,face,86.8,12.2,21.6,59.5,255,208,177
83-picnic-sunny-park,100,face,47.1,31.9,35.6,-4.6,172,88,53
84-keys-on-couch,0,face,66.7,23.0,36.7,24.4,219,145,97
84-keys-on-couch-pillows,0,face,89.8,6.7,23.2,59.8,255,220,182
84-keys-under-couch-no-pillows,0,limbs,48.9,24.7,30.9,-2.0,167,99,65
84-keys-under-couch-pillows,0,limbs,79.0,17.9,35.7,39.1,248,182,130
85-gardener-flower-hat-off,0,face,84.0,14.0,25.7,52.9,252,199,162
85-gardener-flower-hat-off2,0,face,37.0,18.9,31.9,-22.1,126,74,36
85-gardener-flower-hat-on,100,face,89.8,6.7,23.2,59.8,255,220,182
85-gardener-hat,0,face,62.2,21.9,39.9,17.0,205,134,80
86-drop-books,0,face,54.6,20.4,30.9,8.4,178,116,78
86-no-trip,0,face,28.7,18.0,20.4,-46.2,101,56,37
86-trip-drop-books,0,face,93.2,2.1,17.1,68.5,253,233,203
86-trip-rock,0,face,85.2,7.0,24.6,55.1,243,207,167
87-girl-serves-woman-cake,0,face,86.7,13.5,18.3,63.4,255,207,183
87-girl-serves-woman-cake,1,face,83.0,12.5,26.8,50.9,247,197,157
87-girl-serves-woman-cake,2,face,61.6,23.2,32.2,19.9,203,132,93
87-girl-serves-woman-cake,3,face,46.7,22.6,24.9,-7.5,157,95,70
87-girl-serves-woman-cake,4,face,90.7,7.1,16.8,67.6,255,223,196
87-girl-serves-woman-cake-no-line,0,face,50.2,25.8,30.9,0.4,173,101,68
87-girl-serves-woman-cake-no-line,1,face,83.0,12.5,26.8,50.9,247,197,157
87-girl-serves-woman-cake-no-line,2,face,90.7,7.1,16.8,67.6,255,223,197
87-girl-serves-woman-cake-no-line,3,face,90.5,9.6,11.2,74.5,255,221,207
87-woman-serves-girl-cake,0,face,90.7,7.1,16.8,67.6,255,223,197
87-woman-serves-girl-cake,1,face,83.0,12.5,26.8,50.9,247,197,157
87-woman-serves-girl-cake,2,face,34.3,24.0,28.0,-29.3,125,64,37
87-woman-serves-girl-cake,3,face,86.7,13.5,18.3,63.4,255,207,183
87-woman-serves-girl-cake,4,face,61.6,23.2,32.2,19.9,203,132,93
87-woman-serves-girl-cake-no-line,0,face,90.7,7.1,16.8,67.6,255,223,197
87-woman-serves-girl-cake-no-line,1,face,46.8,19.1,28.6,-6.4,153,98,64
87-woman-serves-girl-cake-no-line,2,face,83.0,12.5,26.8,50.9,247,197,157
87-woman-serves-girl-cake-no-line,3,face,77.7,16.5,22.7,50.7,236,180,151
88-carry-guitar-dance,0,face,79.5,13.2,26.8,47.8,238,187,148
88-carry-guitar-dance,1,face,61.8,16.7,32.2,20.1,194,137,93
88-carry-guitar-dance,2,face,87.7,5.7,18.0,64.4,244,215,186
88-carry-guitar-guy-dances,0,face,94.5,4.5,7.7,80.2,254,236,225
88-carry-guitar-guy-dances,1,face,70.3,14.7,30.2,34.0,215,161,118
88-play-guitar-dance,0,face,29.3,20.6,27.3,-37.3,107,55,27
88-play-guitar-dance,1,face,65.6,18.3,30.9,26.9,207,146,105
88-play-guitar-dance,100,face,87.2,9.1,29.1,52.0,255,211,164
88-play-guitars-dance,0,face,57.4,20.7,31.9,13.1,187,123,83
88-play-guitars-dance,100,face,60.2,17.9,35.0,16.3,192,132,84
88-play-guitars-dance,101,face,90.8,6.9,17.8,66.4,255,223,195
89-hoodie-island,0,face,85.2,12.7,29.0,50.6,255,203,159
89-hoodie-snow,0,face,51.9,21.6,29.2,3.8,172,108,75
89-island,0,face,31.5,23.6,23.2,-38.5,116,58,39
89-snow,0,face,87.1,9.4,16.7,65.7,248,211,187
90-he-plays-soccer,0,face,56.2,22.3,28.2,12.3,184,119,86
90-he-swims,0,face,56.3,22.3,28.2,12.6,185,119,87
90-they-play-soccer,0,face,86.6,9.5,24.7,56.0,251,209,170
90-they-play-soccer,1,face,87.0,12.9,18.2,63.8,255,208,184
90-they-play-soccer,2,face,74.3,17.2,35.3,34.5,233,170,118
90-they-play-soccer,3,face,56.2,22.4,28.4,12.3,184,119,86
90-they-swim,0,face,73.9,18.7,35.2,34.1,233,167,117
90-they-swim,1,face,56.3,22.2,28.2,12.6,185,119,87
90-they-swim,100,face,81.6,15.1,18.9,59.2,243,192,169
91-read-write,0,face,37.3,28.2,27.8,-24.6,138,67,44
91-read-write,1,face,59.4,23.2,29.0,18.1,195,127,93
91-read-write,2,face,88.1,9.5,21.2,60.9,254,213,181
91-read-write,3,face,67.3,23.6,39.9,23.4,222,146,92
91-read-write,4,face,70.3,21.6,31.1,33.1,226,156,116
91-read-write,6,face,75.7,14.8,26.2,44.5,229,175,139
91-they-write,0,face,59.5,23.2,28.6,18.4,195,127,94
91-they-write,1,face,37.3,28.2,28.0,-24.4,138,68,44
91-they-write,3,face,88.1,9.5,21.2,60.9,254,213,181
91-they-write,4,face,67.3,23.5,39.5,23.7,223,146,93
91-they-write,5,face,75.7,14.7,26.2,44.5,229,175,139
91-they-write,6,face,70.2,21.7,30.9,33.2,226,155,116
91-throws-plane-reads,0,face,26.2,20.9,17.6,-53.4,97,48,35
91-throws-plane-reads,1,face,81.6,14.3,24.7,51.9,245,192,157
91-throws-plane-reads,2,face,77.8,22.8,44.3,32.1,255,175,111
91-throws-plane-reads,3,face,63.7,29.4,43.2,17.6,220,132,78
91-throws-plane-reads,4,face,88.1,9.5,21.2,60.9,254,213,181
91-throws-plane-reads,100,face,85.2,12.6,28.8,50.7,255,203,160
91-throws-plane-writes,0,face,81.6,13.9,24.6,52.1,244,192,157
91-throws-plane-writes,1,face,26.3,20.5,17.8,-53.2,97,48,35
91-throws-plane-writes,2,face,88.1,9.5,21.3,60.7,254,213,181
91-throws-plane-writes,3,face,63.7,29.4,43.2,17.6,220,132,78
91-throws-plane-writes,5,face,77.7,22.8,44.2,32.1,255,175,111
91-throws-plane-writes,100,face,85.3,12.7,28.8,50.8,255,203,159
92-clown-large-hat,0,face,93.7,4.9,10.5,76.5,255,233,217
92-clown-small-hat,0,face,87.8,10.7,21.0,61.0,255,212,181
92-kid-large-hat,0,face,54.3,28.1,39.6,6.2,190,109,62
92-kid-small-hat,0,face,72.6,18.7,33.3,34.1,229,164,118
94-book-falls,0,face,82.2,16.2,33.8,43.6,254,192,142
94-stub-toe,0,face,90.7,8.2,14.5,70.4,255,222,201
94-stub-toe-book-falls,0,face,87.3,11.8,19.8,62.0,255,210,182
94-trip-rock,0,face,60.1,23.0,35.0,16.1,199,128,84
95-boy-chase-large-dog,0,face,89.5,9.0,17.6,66.0,255,218,192
95-boy-chase-small-dog,0,face,89.5,9.0,17.6,66.0,255,218,192
95-large-dog-chase-boy,0,face,89.5,9.0,17.6,66.0,255,218,192
95-small-dog-chase-boy,100,face,89.5,9.0,17.6,66.0,255,218,192
96-both-girls-hold-backpacks,0,face,61.3,23.9,32.2,19.3,201,131,93
96-both-girls-hold-backpacks,1,face,82.2,15.5,28.3,48.7,250,193,152
96-short-girl-hold-backpack,0,face,62.0,23.3,31.1,21.2,204,133,96
96-short-girl-hold-backpack,1,face,82.5,15.3,28.0,49.3,251,194,154
96-short-girl-wear-backpack,0,face,62.0,23.3,31.2,21.1,203,133,96
96-short-girl-wear-backpack,1,face,82.3,15.9,28.0,49.1,250,193,152
96-tall-girl-hold-backpack,0,face,82.4,15.3,28.0,49.2,251,194,154
96-tall-girl-hold-backpack,1,face,62.0,23.3,31.1,21.2,204,133,96
96-tall-girl-holds-backpack-and-flower,0,face,61.4,23.9,31.7,19.7,201,131,93
96-tall-girl-holds-backpack-and-flower,1,face,82.1,15.8,27.9,49.1,249,192,153
96-tall-girl-holds-flower-wears-backpack,0,face,62.0,23.3,31.1,21.1,204,133,96
96-tall-girl-holds-flower-wears-backpack,1,face,82.2,15.9,27.9,49.1,250,193,153
96-tall-girl-pencil,0,face,62.0,23.3,31.1,21.2,204,133,96
96-tall-girl-pencil,1,face,82.5,15.3,28.0,49.3,251,194,154
96-tall-girl-wear-backpack,0,face,62.0,23.3,31.1,21.2,204,133,96
96-tall-girl-wear-backpack,1,face,82.4,15.3,28.0,49.2,251,194,154
99-rainy,0,face,37.2,22.4,32.1,-21.7,132,72,36
99-rainy-sun,0,face,37.2,22.4,32.1,-21.7,132,72,36
99-stormy,0,face,37.2,22.4,32.1,-21.7,132,72,36
99-sunny,0,face,37.2,22.4,32.1,-21.7,132,72,36
