item_uid,orig_item_num,target,distractors
trog_2combo_big_cup,14,14-big-cup,"14-blue-box,14-pink-cup,14-purple-box"
trog_2combo_boy_run,13,13-boy-running,"13-cat-sitting,13-cow-walking,13-person-sitting"
trog_2combo_dog_sit,15,15-dog-sitting,"15-dog-eating,15-girl-sitting,15-girl-skipping"
trog_2combo_red_ball,16,16-red-ball,"16-green-comb,16-purple-ball,16-red-comb"
trog_3combo_boy_jump_box,21,21-boy-jump-box,"21-boy-hold-box,21-boy-run,21-horse-jump-box"
trog_3combo_girl_sit_table,22,22-girl-on-table,"22-cat-on-table,22-girl-at-table,22-girl-squatting"
trog_3combo_man_eat_apple,23,23-man-eat-apple,"23-girl-kick-apple,23-horse-eat-apple,23-woman-eat-dinner"
trog_3combo_woman_carry_bag,24,24-woman-carry-bag,"24-woman-carry-chair,24-dog-carry-bag,24-woman-drop-bag"
trog_abovebelow_comb_below_spoon,62,62-green-comb-below-spoon,"62-yellow-comb-beside-spoon,62-yellow-comb-above-spoon,62-red-comb-beside-spoon"
trog_abovebelow_pencil_above_flower,61,61-pencil-above-flower,"61-pencil-beside-flower,61-flower-above-pencil,61-flower-behind-pencil"
trog_abovebelow_square_below_star,64,64-square-below-star,"64-square-above-star,64-square-beside-star,64-square-beside-star2"
trog_abovebelow_star_above_circle,63,63-star-above-circle,"63-purple-star-beside-circle,63-small-star-beside-circle,63-star-below-circle"
trog_additive_hose_drink_sheep_eat,81,81-horse-water-barn-sheep-grass,"81-horse-sheep-water-barn,81-horse-sheep-grass,81-sheep-water"
trog_adjective_black,12,12-black-horse,"12-brown-horse,12-grey-dog,12-yellow-dog"
trog_adjective_long,9,9-long,"9-short1,9-short2,9-short3"
trog_adjective_red,11,11-red,"11-blue,11-pink,11-yellow"
trog_adjective_tall,10,10-tall,"10-boy1,10-girl1,10-girl2"
trog_causal_she_trip_rock_drop_book,86,86-trip-drop-books,"86-no-trip,86-drop-books,86-trip-rock"
trog_comparative_box_bigger_cup,42,42-box-bigger-cup,"42-box-bigger-ball,42-apple-cup-same,42-box-cup-same"
trog_comparative_fork_longer_pencil,41,41-fork-short-pencil,"41-fork-long-pencil,41-flower-short-pencil,41-fork-spoon"
trog_comparative_horse_taller_wall,44,44-horse-small-wall,"44-horse-large-wall,44-tree-wall,44-feed-horse-apple"
trog_comparative_shoe_bigger_bird,43,43-shoe-bigger-bird,"43-shoe-bigger-cup,43-bird-box-same,43-bird-shoe-same"
trog_compprepcond_instead_homework_she_do_puzzle,103,103-puzzle-floor,"103-homework-desk-puzzle,103-homework-desk,103-puzzle-desk"
trog_conditional_teacher_give_if_stand_line,87,87-woman-serves-girl-cake,"87-woman-serves-girl-cake-no-line,87-girl-serves-woman-cake,87-girl-serves-woman-cake-no-line"
trog_conditional_we_dance_if_music_play,88,88-play-guitar-dance,"88-play-guitars-dance,88-carry-guitar-guy-dances,88-carry-guitar-dance"
trog_conditional_we_picnic_if_park_sunny,83,83-picnic-sunny-park,"83-picnic-park-rainy,83-picnic-island-rainy,83-picnic-island-sunny"
trog_conjcoord_kid_clean_but_forget,97,97-train-on-rug,"97-empty-rug,97-empty-shelf,97-train-on-shelf"
trog_conjcoord_monkey_eat_nor_swing,98,98-not-eat-not-swing,"98-eat-and-swing,98-eat-not-swing,98-swing-not-eat"
trog_conjcoord_say_sunny_however_rain,99,99-rainy,"99-rainy-sun,99-stormy,99-sunny"
trog_depclause_she_gardener_wear_hat_flower,85,85-gardener-flower-hat-on,"85-gardener-hat,85-gardener-flower-hat-off,85-gardener-flower-hat-off2"
trog_disjunctive_although_hot_i_wear,89,89-hoodie-island,"89-hoodie-snow,89-island,89-snow"
trog_disjunctive_despite_noise_she_focus,91,91-throws-plane-reads,"91-read-write,91-they-write,91-throws-plane-writes"
trog_disjunctive_he_like_however_choose,90,90-they-play-soccer,"90-they-swim,90-he-swims,90-he-plays-soccer"
trog_disjunctive_he_wear_despite_size,92,92-kid-large-hat,"92-clown-large-hat,92-clown-small-hat,92-kid-small-hat"
trog_embedding_book_pencil_on_red,77,77-pencil-on-red-book,"77-red-book-on-pencil,77-yellow-book-on-pencil,77-pencil-on-yellow-book"
trog_embedding_boy_dog_chase_big,80,80-dog-chases-tall-boy,"80-small-boy-chases-dog,80-tall-boy-chases-dog,80-dog-chases-small-boy"
trog_embedding_cat_cow_chase_black,78,78-white-cow-chase-black-cat,"78-white-cat-chase-black-cow,78-black-cat-chase-white-cow,78-black-cow-chase-white-cat"
trog_embedding_circle_star_in_red,79,79-star-in-red-circle,"79-red-circle-in-star,79-star-below-red-circle,79-star-beside-circle"
trog_gerund_bump_table_case_book_fall,94,94-stub-toe-book-falls,"94-stub-toe,94-book-falls,94-trip-rock"
trog_inon_circle_in_star,51,51-circle-in-star,"51-star-in-circle,51-circle-beside-star,51-star-below-circle"
trog_inon_cup_in_box,49,49-cup-in-box,"49-cup-on-box,49-box-in-cup,49-cup-beside-box"
trog_inon_fork_on_shoe,52,52-fork-on-boot,"52-fork-beside-boot,52-fork-in-boot,52-fork-under-boot"
trog_inon_pencil_on_box,50,50-pencil-on-box,"50-pencil-under-box,50-pencil-in-box,50-pencil-beside-box"
trog_negative_boy_not_run,17,17-boy-sitting,"17-boy-running,17-cat-napping,17-horse-standing"
trog_negative_dog_not_drink,18,18-dog-not-drinking,"18-dog-drinking,18-baby-sitting,18-girl-standing"
trog_negative_dog_not_sit,20,20-dog-standing,"20-dog-sitting,20-girl-standing,20-man-standing"
trog_negative_girl_not_jump,19,19-girl-not-jumping,"19-cat-sitting,19-girl-jumping,19-horse-standing"
trog_neither_boy_hat_nor_shoe,76,76-no-hat-no-shoes,"76-shoes-no-hat,76-hat-and-shoes,76-hat-no-shoes"
trog_neither_boy_nor_horse_run,75,75-boy-before-horse,"75-girl-chases-horse,75-boy-chases-horse,75-boy-behind-horse"
trog_neither_dog_nor_ball_brown,73,73-white-dog-white-ball,"73-brown-ball-brown-dog,73-brown-dog-white-ball,73-white-dog-brown-ball"
trog_neither_pencil_long_nor_red,74,74-short-green-pencil,"74-long-red-pencil,74-long-green-pencil,74-short-red-pencil"
trog_notonly_box_notonly_big_blue,66,66-big-blue-box,"66-big-pink-box,66-small-blue-box,66-small-pink-box"
trog_notonly_girl_notonly_food_drink,68,68-banana-and-juice,"68-drink-juice,68-eat-banana,68-hands-in-pockets"
trog_notonly_notonly_bird_flower_blue,65,65-bird-blue-flower-blue,"65-bird-blue-flower-white,65-bird-white-flower-blue,65-bird-white-flower-white"
trog_notonly_notonly_girl_cat_sit,67,67-girl-cat-sitting,"67-girl-cat-stand,67-girl-point-cat,67-girl-sit-cat-stand"
trog_noun_apple,4,4-apple,"4-elephant,4-fence,4-grass"
trog_noun_bird,2,2-bird,"2-chair,2-hat,2-woman"
trog_noun_comb,3,3-comb,"3-man,3-table,3-wall"
trog_noun_shoe,1,1-shoe,"1-fork,1-boy,1-tree"
trog_pluralmorph_boy_stand_chairs,38,38-guy-on-chairs,"38-guy-on-chair,38-dog-on-chairs,38-guy-lay-on-chairs"
trog_pluralmorph_boys_pick_apples,39,39-boys-pick-apples,"39-boy-picks-apples,39-they-pick-flowers,39-they-eat-apples"
trog_pluralmorph_cats_look_ball,37,37-cats-look-ball,"37-cat-look-ball,37-kids-play-ball,37-cats-look-butterfly"
trog_pluralmorph_girl_drop_cups,40,40-girl-drops-cups,"40-girl-hold-cup,40-girl-drops-cup,40-girl-bounces-balls"
trog_pluralpronoun_cow_look_them,26,26-2-girls-face-cow,"26-girl-faces-cow,26-two-boys-ride-cow,26-two-people-look-at-butterfly"
trog_pluralpronoun_elephant_carry_them,28,28-elephant-carries-them,"28-woman-carries-babies,28-boy-rides-elephant,28-run-from-elephant"
trog_pluralpronoun_they_jump_wall,27,27-people-jump-wall,"27-girl-jump-wall,27-girls-behind-wall,27-boys-jump-grass"
trog_pluralpronoun_they_sit_table,25,25-2-girls-on-table,"25-2-people-draw-on-table,25-2-people-on-carpet,25-boy-on-table"
trog_postmod_boy_chasing_horse_tall,53,53-tall-boy-chases-horse,"53-horse-chases-tall-boy,53-horse-chases-boy,53-boy-chases-horse"
trog_postmod_circle_in_star_yellow,56,56-yellow-circle-in-star,"56-green-star-below-circle,56-yellow-star-in-circle,56-star-beside-circle"
trog_postmod_cow_chasing_cat_brown,55,55-brown-cow-chase-white-cat,"55-brown-cat-chase-white-cow,55-white-cat-chase-brown-cow,55-white-cow-chase-brown-cat"
trog_postmod_duck_following_turtle_walking,93,93-duck-on-bridge,"93-duck-behind-turtle,93-duck-turtle-on-bridge,93-turtle-behind-duck"
trog_postmod_pencil_on_shoe_blue,54,54-blue-pencil-on-boot,"54-yellow-pencil-on-boot,54-boot-on-blue-pencil,54-boot-on-yellow-pencil"
trog_preploc_car_truck_follow_drive,102,102-car-truck-into-tunnel,"102-car-into-tunnel,102-car-out-of-tunnel,102-car-truck-out-of-tunnel"
trog_preploc_fish_swim_beneath_whale,101,101-whale-between-fish-turtle,"101-whale-above-fish-turtle,101-whale-behind-fish-turtle,101-whale-below-fish-turtle"
trog_preploc_plane_gray_above_cloud,100,100-gray-plane-over-clouds,"100-gray-plane-under-clouds,100-white-plane-over-clouds,100-white-plane-under-clouds"
trog_prepphrase_he_find_under_couch,84,84-keys-under-couch-pillows,"84-keys-under-couch-no-pillows,84-keys-on-couch,84-keys-on-couch-pillows"
trog_relclause_dog_chase_horse_that_brown,72,72-white-dog-chase-brown-horse,"72-white-horse-chase-brown-dog,72-brown-horse-chase-white-dog,72-brown-dog-chase-white-horse"
trog_relclause_girl_chase_dog_that_big,70,70-girl-chases-big-dog,"70-dog-chases-girl,70-girl-chases-small-dog,70-girl-chases-small-dog2"
trog_relclause_pencil_on_book_that_yellow,69,69-pencil-on-yellow-book,"69-pencil-on-red-book,69-red-book-on-pencil,69-yellow-book-on-pencil"
trog_relclause_person_chase_dog_that_big,95,95-boy-chase-large-dog,"95-boy-chase-small-dog,95-large-dog-chase-boy,95-small-dog-chase-boy"
trog_relclause_square_in_star_that_blue,71,71-yellow-square-in-star,"71-star-in-blue-square,71-blue-star-in-square,71-blue-square-in-star"
trog_revactive_boy_chase_sheep,30,30-boy-chases-sheep,"30-sheep-chases-man,30-boy-chases-ball,30-dog-chases-sheep"
trog_revactive_cow_push_lady,32,32-cow-pushes-woman,"32-girl-pushes-woman,32-girl-feeds-cow,32-girl-pushes-cow"
trog_revactive_girl_push_horse,29,29-girl-pushes-horse,"29-boy-rides-horse,29-horse-pushes-girl,29-girl-pushes-man"
trog_revactive_man_chase_dog,31,31-man-chases-dog,"31-man-chases-cart,31-girl-pets-dog,31-dog-chases-boy"
trog_revpassive_cow_pushed_man,48,48-man-pushes-cow,"48-cow-pushes-man,48-sheep-pushes-cow,48-man-pushes-pram"
trog_revpassive_elephant_pushed_boy,46,46-boy-push-elephant,"46-man-feed-elephant,46-boy-push-truck,46-elephant-push-boy"
trog_revpassive_girl_chased_horse,45,45-horse-chase-girl,"45-girl-ride-horse,45-girl-chase-horse,45-horse-chase-dog"
trog_revpassive_horse_chased_man,47,47-boy-chases-horse,"47-dog-chases-horse,47-horse-chases-boy,47-girl-rides-horse"
trog_revpassrelclause_girl_wearing_backpack_shown_flower,96,96-short-girl-wear-backpack,"96-both-girls-hold-backpacks,96-tall-girl-holds-backpack-and-flower,96-tall-girl-holds-flower-wears-backpack"
trog_temporal_student_open_notebook_draw_tree,82,82-notebook-tree,"82-paper-tree,82-notebook-writing,82-desk"
trog_verb_eating,5,5-eating,"5-kicking,5-riding,5-dropping"
trog_verb_picking,6,6-picking,"6-running,6-climbing,6-standing"
trog_verb_running,8,8-running,"8-dancing,8-drinking,8-reading"
trog_verb_sitting,7,7-sitting,"7-holding,7-jumping,7-pushing"
trog_xnoty_box_not_chair_red,57,57-yellow-chair-red-box,"57-red-chair-red-box,57-red-chair-yellow-box,57-yellow-chair-yellow-box"
trog_xnoty_boy_sit_not_eat,60,60-sitting-boy,"60-sitting-person-banana,60-standing-woman,60-standing-man-banana"
trog_xnoty_cat_big_not_black,58,58-big-white-cat,"58-big-black-cat,58-little-white-cat,58-little-black-cat"
trog_xnoty_horse_not_boy_stand,59,59-boy-jumps-horse-stands,"59-horse-and-boy-jump,59-horse-and-boy-stand,59-horse-jumps-boy-stands"
