image,n_person,ita_mean,ita_min,ita_max
1-boy,1,70.9,70.9,70.9
1-fork,0,,,
1-knife,0,,,
1-shoe,0,,,
1-tree,0,,,
10-boy1,1,63.9,63.9,63.9
10-girl1,1,47.8,47.8,47.8
10-girl2,1,24.7,24.7,24.7
10-tall,1,-16.5,-16.5,-16.5
100-gray-plane-over-clouds,0,,,
100-gray-plane-under-clouds,0,,,
100-white-plane-over-clouds,0,,,
100-white-plane-under-clouds,0,,,
101-whale-above-fish-turtle,0,,,
101-whale-behind-fish-turtle,0,,,
101-whale-below-fish-turtle,0,,,
101-whale-between-fish-turtle,0,,,
102-car-into-tunnel,0,,,
102-car-out-of-tunnel,0,,,
102-car-truck-into-tunnel,0,,,
102-car-truck-out-of-tunnel,0,,,
102-truck-into-tunnel,0,,,
103-homework-desk,1,30.0,30.0,30.0
103-homework-desk-puzzle,1,30.0,30.0,30.0
103-puzzle-desk,1,30.0,30.0,30.0
103-puzzle-floor,1,30.0,30.0,30.0
11-blue,0,,,
11-pink,0,,,
11-red,0,,,
11-yellow,0,,,
12-black-horse,0,,,
12-brown-horse,0,,,
12-grey-dog,0,,,
12-yellow-dog,0,,,
13-boy-running,1,36.7,36.7,36.7
13-cat-sitting,0,,,
13-cow-walking,0,,,
13-person-sitting,1,64.7,64.7,64.7
14-big-cup,0,,,
14-blue-box,0,,,
14-pink-cup,0,,,
14-purple-box,0,,,
15-dog-eating,0,,,
15-dog-sitting,0,,,
15-girl-sitting,1,58.2,58.2,58.2
15-girl-skipping,1,10.9,10.9,10.9
16-green-comb,0,,,
16-purple-ball,0,,,
16-red-ball,0,,,
16-red-comb,0,,,
17-boy-running,1,69.1,69.1,69.1
17-boy-sitting,1,41.8,41.8,41.8
17-cat-napping,0,,,
17-horse-standing,0,,,
18-baby-sitting,1,67.7,67.7,67.7
18-dog-drinking,0,,,
18-dog-not-drinking,0,,,
18-girl-standing,1,28.5,28.5,28.5
19-cat-sitting,0,,,
19-girl-jumping,1,56.3,56.3,56.3
19-girl-not-jumping,1,56.3,56.3,56.3
19-horse-standing,0,,,
2-bird,0,,,
2-chair,0,,,
2-hat,0,,,
2-woman,1,37.0,37.0,37.0
20-dog-sitting,0,,,
20-dog-standing,0,,,
20-girl-standing,1,43.1,43.1,43.1
20-man-standing,1,17.2,17.2,17.2
21-boy-hold-box,1,65.3,65.3,65.3
21-boy-jump-box,1,6.1,6.1,6.1
21-boy-run,1,45.1,45.1,45.1
21-horse-jump-box,0,,,
22-cat-on-table,0,,,
22-girl-at-table,1,49.9,49.9,49.9
22-girl-on-table,1,-11.7,-11.7,-11.7
22-girl-squatting,1,25.3,25.3,25.3
23-girl-kick-apple,1,30.6,30.6,30.6
23-horse-eat-apple,1,58.2,58.2,58.2
23-man-eat-apple,1,-9.0,-9.0,-9.0
23-woman-eat-dinner,1,46.8,46.8,46.8
24-dog-carry-bag,0,,,
24-woman-carry-bag,1,45.1,45.1,45.1
24-woman-carry-chair,1,19.8,19.8,19.8
24-woman-drop-bag,1,62.0,62.0,62.0
25-2-girls-on-table,2,33.0,11.0,55.1
25-2-people-draw-on-table,2,16.4,-25.4,58.2
25-2-people-on-carpet,2,56.6,41.1,72.1
25-boy-on-table,1,32.8,32.8,32.8
26-2-girls-face-cow,2,64.6,57.9,71.3
26-girl-faces-cow,1,21.7,21.7,21.7
26-two-boys-ride-cow,2,29.0,8.3,49.8
26-two-people-look-at-butterfly,2,31.5,31.4,31.6
27-boys-jump-grass,2,8.9,-27.7,45.5
27-boys-jump-wall,2,11.8,-20.8,44.4
27-girl-jump-wall,1,62.2,62.2,62.2
27-girls-behind-wall,2,40.7,29.1,52.2
27-people-jump-wall,2,37.2,21.8,52.7
28-boy-rides-elephant,1,51.6,51.6,51.6
28-elephant-carries-them,2,28.4,22.2,34.5
28-run-from-elephant,2,36.8,21.8,51.8
28-woman-carries-babies,2,52.7,52.0,53.4
29-boy-rides-horse,1,54.2,54.2,54.2
29-girl-pushes-horse,1,74.7,74.7,74.7
29-girl-pushes-man,2,55.9,55.9,55.9
29-horse-pushes-girl,1,25.0,25.0,25.0
3-comb,0,,,
3-man,1,59.6,59.6,59.6
3-table,0,,,
3-wall,0,,,
30-boy-chases-ball,1,29.7,29.7,29.7
30-boy-chases-sheep,1,59.6,59.6,59.6
30-dog-chases-sheep,0,,,
30-sheep-chases-man,1,2.9,2.9,2.9
31-dog-chases-boy,1,43.0,43.0,43.0
31-girl-pets-dog,1,-24.3,-24.3,-24.3
31-man-chases-cart,1,54.6,54.6,54.6
31-man-chases-dog,1,26.4,26.4,26.4
32-cow-pushes-woman,1,43.1,43.1,43.1
32-girl-feeds-cow,1,58.8,58.8,58.8
32-girl-pushes-cow,1,-3.7,-3.7,-3.7
32-girl-pushes-woman,2,28.7,22.6,34.8
33-girl-behind-chair,1,53.7,53.7,53.7
33-man-in-chair,1,30.9,30.9,30.9
33-woman-in-chair,1,-9.4,-9.4,-9.4
33-woman-on-grass,1,48.4,48.4,48.4
34-guy-on-horse,1,20.6,20.6,20.6
34-woman-holds-baby,1,51.5,51.5,51.5
34-woman-holds-girl,2,64.9,64.7,65.1
34-woman-holds-hands,2,7.6,1.6,13.6
35-boy-in-tree,1,47.6,47.6,47.6
35-boy-on-bench,1,-9.8,-9.8,-9.8
35-boy-touching-tree,1,40.7,40.7,40.7
35-girl-in-tree,1,5.7,5.7,5.7
36-boy-behind-horse,1,51.0,51.0,51.0
36-girl-before-horse,1,11.0,11.0,11.0
36-girl-rides-horse,1,62.0,62.0,62.0
36-woman-on-bench,2,29.2,15.2,43.1
37-cat-look-ball,0,,,
37-cats-look-ball,0,,,
37-cats-look-butterfly,0,,,
37-kids-play-ball,2,49.7,49.7,49.7
38-dog-on-chairs,0,,,
38-guy-lay-on-chairs,1,25.4,25.4,25.4
38-guy-on-chair,1,37.6,37.6,37.6
38-guy-on-chairs,1,17.5,17.5,17.5
39-boy-picks-apples,1,51.8,51.8,51.8
39-boys-eat-apples,2,40.5,27.7,53.3
39-boys-pick-apples,2,30.6,8.5,52.7
39-they-eat-apples,2,40.5,27.7,53.3
39-they-pick-flowers,2,28.8,0.3,57.4
4-apple,0,,,
4-elephant,0,,,
4-fence,0,,,
4-grass,0,,,
40-girl-bounces-balls,1,36.8,36.8,36.8
40-girl-drops-cup,1,54.2,54.2,54.2
40-girl-drops-cups,1,72.6,72.6,72.6
40-girl-hold-cup,1,-0.7,-0.7,-0.7
41-flower-pencil,0,,,
41-flower-short-pencil,0,,,
41-fork-long-pencil,0,,,
41-fork-short-pencil,0,,,
41-fork-spoon,0,,,
41-knife-long-pencil,0,,,
41-knife-short-pencil,0,,,
41-knife-spoon,0,,,
42-apple-cup-same,0,,,
42-box-bigger-ball,0,,,
42-box-bigger-cup,0,,,
42-box-cup-same,0,,,
43-bird-box-same,0,,,
43-bird-shoe-same,0,,,
43-shoe-bigger-bird,0,,,
43-shoe-bigger-cup,0,,,
44-feed-horse-apple,1,39.1,39.1,39.1
44-horse-large-wall,0,,,
44-horse-small-wall,0,,,
44-tree-wall,0,,,
45-girl-chase-horse,1,55.0,55.0,55.0
45-girl-ride-horse,1,-7.7,-7.7,-7.7
45-horse-chase-dog,0,,,
45-horse-chase-girl,1,57.5,57.5,57.5
46-boy-push-elephant,1,-42.8,-42.8,-42.8
46-boy-push-truck,1,29.8,29.8,29.8
46-elephant-push-boy,1,13.1,13.1,13.1
46-elephant-push-woman,1,13.1,13.1,13.1
46-man-feed-elephant,1,57.9,57.9,57.9
47-boy-chases-horse,1,36.4,36.4,36.4
47-dog-chases-horse,0,,,
47-girl-rides-horse,1,22.6,22.6,22.6
47-horse-chases-boy,1,48.8,48.8,48.8
48-cow-pushes-man,1,-8.1,-8.1,-8.1
48-man-pushes-cow,1,51.7,51.7,51.7
48-man-pushes-pram,1,67.4,67.4,67.4
48-sheep-pushes-cow,0,,,
49-box-in-cup,0,,,
49-cup-beside-box,0,,,
49-cup-in-box,0,,,
49-cup-on-box,0,,,
5-dropping,1,-40.6,-40.6,-40.6
5-eating,1,44.6,44.6,44.6
5-kicking,1,23.4,23.4,23.4
5-riding,1,58.9,58.9,58.9
50-pencil-beside-box,0,,,
50-pencil-in-box,0,,,
50-pencil-on-box,0,,,
50-pencil-under-box,0,,,
51-circle-beside-star,0,,,
51-circle-in-star,0,,,
51-star-below-circle,0,,,
51-star-in-circle,0,,,
52-boot-on-knife,0,,,
52-fork-beside-boot,0,,,
52-fork-in-boot,0,,,
52-fork-on-boot,0,,,
52-fork-under-boot,0,,,
52-knife-beside-boot,0,,,
52-knife-in-boot,0,,,
52-knife-on-boot,0,,,
53-boy-chases-horse,1,76.1,76.1,76.1
53-horse-chases-boy,1,9.6,9.6,9.6
53-horse-chases-tall-boy,1,28.8,28.8,28.8
53-tall-boy-chases-horse,1,68.7,68.7,68.7
54-blue-pencil-on-boot,0,,,
54-boot-on-blue-pencil,0,,,
54-boot-on-yellow-pencil,0,,,
54-yellow-pencil-on-boot,0,,,
55-brown-cat-chase-white-cow,0,,,
55-brown-cow-chase-white-cat,0,,,
55-white-cat-chase-brown-cow,0,,,
55-white-cow-chase-brown-cat,0,,,
56-green-star-below-circle,0,,,
56-star-beside-circle,0,,,
56-yellow-circle-in-star,0,,,
56-yellow-star-in-circle,0,,,
57-green-chair-green-box,0,,,
57-green-chair-red-box,0,,,
57-red-chair-green-box,0,,,
57-red-chair-red-box,0,,,
57-red-chair-yellow-box,0,,,
57-yellow-chair-red-box,0,,,
57-yellow-chair-yellow-box,0,,,
58-big-black-cat,0,,,
58-big-white-cat,0,,,
58-little-black-cat,0,,,
58-little-white-cat,0,,,
59-boy-jumps-horse-stands,1,-5.5,-5.5,-5.5
59-horse-and-boy-jump,1,68.5,68.5,68.5
59-horse-and-boy-stand,1,50.7,50.7,50.7
59-horse-jumps-boy-stands,1,26.6,26.6,26.6
6-climbing,1,27.8,27.8,27.8
6-picking,1,57.3,57.3,57.3
6-running,1,58.2,58.2,58.2
6-standing,1,18.4,18.4,18.4
60-sitting-boy,1,27.3,27.3,27.3
60-sitting-boy-banana,1,39.8,39.8,39.8
60-sitting-person-banana,1,38.4,38.4,38.4
60-standing-man-banana,1,58.5,58.5,58.5
60-standing-woman,1,62.4,62.4,62.4
61-flower-above-pencil,0,,,
61-flower-behind-pencil,0,,,
61-pencil-above-flower,0,,,
61-pencil-beside-flower,0,,,
62-green-comb-below-spoon,0,,,
62-red-comb-beside-spoon,0,,,
62-yellow-comb-above-spoon,0,,,
62-yellow-comb-beside-spoon,0,,,
63-purple-star-beside-circle,0,,,
63-small-star-beside-circle,0,,,
63-star-above-circle,0,,,
63-star-below-circle,0,,,
64-square-above-star,0,,,
64-square-below-star,0,,,
64-square-beside-star,0,,,
64-square-beside-star2,0,,,
65-bird-blue-flower-blue,0,,,
65-bird-blue-flower-white,0,,,
65-bird-white-flower-blue,0,,,
65-bird-white-flower-white,0,,,
66-big-blue-box,0,,,
66-big-pink-box,0,,,
66-small-blue-box,0,,,
66-small-pink-box,0,,,
67-girl-cat-sitting,1,29.1,29.1,29.1
67-girl-cat-stand,1,66.4,66.4,66.4
67-girl-point-cat,1,33.0,33.0,33.0
67-girl-sit-cat-stand,1,56.5,56.5,56.5
68-banana-and-juice,1,58.0,58.0,58.0
68-drink-juice,1,29.1,29.1,29.1
68-eat-banana,1,33.4,33.4,33.4
68-hands-in-pockets,1,64.1,64.1,64.1
69-pencil-on-red-book,0,,,
69-pencil-on-yellow-book,0,,,
69-red-book-on-pencil,0,,,
69-yellow-book-on-pencil,0,,,
7-holding,1,55.3,55.3,55.3
7-jumping,1,-7.8,-7.8,-7.8
7-pushing,1,25.8,25.8,25.8
7-sitting,1,62.9,62.9,62.9
70-dog-chases-girl,1,5.4,5.4,5.4
70-girl-chases-big-dog,1,25.0,25.0,25.0
70-girl-chases-small-dog,1,69.9,69.9,69.9
70-girl-chases-small-dog2,1,50.1,50.1,50.1
71-blue-square-in-star,0,,,
71-blue-star-in-square,0,,,
71-star-in-blue-square,0,,,
71-yellow-square-in-star,0,,,
72-brown-dog-chase-white-horse,0,,,
72-brown-horse-chase-white-dog,0,,,
72-white-dog-chase-brown-horse,0,,,
72-white-horse-chase-brown-dog,0,,,
73-brown-ball-brown-dog,0,,,
73-brown-dog-white-ball,0,,,
73-white-dog-brown-ball,0,,,
73-white-dog-white-ball,0,,,
74-long-green-pencil,0,,,
74-long-red-pencil,0,,,
74-long-yellow-pencil,0,,,
74-short-green-pencil,0,,,
74-short-red-pencil,0,,,
74-short-yellow-pencil,0,,,
75-boy-before-horse,1,18.1,18.1,18.1
75-boy-behind-horse,1,31.5,31.5,31.5
75-boy-chases-horse,1,30.4,30.4,30.4
75-girl-chases-horse,1,64.7,64.7,64.7
76-hat-and-shoes,1,45.0,45.0,45.0
76-hat-no-shoes,1,30.1,30.1,30.1
76-no-hat-no-shoes,1,3.5,3.5,3.5
76-shoes-no-hat,1,73.1,73.1,73.1
77-green-book-on-pencil,0,,,
77-pencil-on-green-book,0,,,
77-pencil-on-red-book,0,,,
77-pencil-on-yellow-book,0,,,
77-red-book-on-pencil,0,,,
77-yellow-book-on-pencil,0,,,
78-black-cat-chase-white-cow,0,,,
78-black-cow-chase-white-cat,0,,,
78-white-cat-chase-black-cow,0,,,
78-white-cow-chase-black-cat,0,,,
79-red-circle-in-star,0,,,
79-star-below-red-circle,0,,,
79-star-beside-circle,0,,,
79-star-in-red-circle,0,,,
8-dancing,4,49.1,34.1,58.8
8-drinking,1,60.6,60.6,60.6
8-reading,1,34.6,34.6,34.6
8-running,1,34.1,34.1,34.1
80-dog-chases-small-boy,1,45.2,45.2,45.2
80-dog-chases-tall-boy,1,1.0,1.0,1.0
80-small-boy-chases-dog,1,78.5,78.5,78.5
80-tall-boy-chases-dog,1,26.8,26.8,26.8
81-horse-sheep-grass,0,,,
81-horse-sheep-water-barn,0,,,
81-horse-water-barn-sheep-grass,0,,,
81-sheep-water,0,,,
82-desk,1,27.2,27.2,27.2
82-notebook-tree,1,-0.6,-0.6,-0.6
82-notebook-writing,1,58.6,58.6,58.6
82-paper-tree,1,40.0,40.0,40.0
83-picnic-island-rainy,2,26.0,-4.9,56.8
83-picnic-island-sunny,2,48.4,26.6,70.3
83-picnic-park-rainy,2,31.8,25.7,37.8
83-picnic-sunny-park,2,27.4,-4.6,59.5
84-keys-on-couch,1,24.4,24.4,24.4
84-keys-on-couch-pillows,1,59.8,59.8,59.8
84-keys-under-couch-no-pillows,1,-2.0,-2.0,-2.0
84-keys-under-couch-pillows,1,39.1,39.1,39.1
85-gardener-flower-hat-off,1,52.9,52.9,52.9
85-gardener-flower-hat-off2,1,-22.1,-22.1,-22.1
85-gardener-flower-hat-on,1,59.8,59.8,59.8
85-gardener-hat,1,17.0,17.0,17.0
86-drop-books,1,8.4,8.4,8.4
86-no-trip,1,-46.2,-46.2,-46.2
86-trip-drop-books,1,68.5,68.5,68.5
86-trip-rock,1,55.1,55.1,55.1
87-girl-serves-woman-cake,5,38.9,-7.5,67.6
87-girl-serves-woman-cake-no-line,4,48.3,0.4,74.5
87-woman-serves-girl-cake,5,34.5,-29.3,67.6
87-woman-serves-girl-cake-no-line,4,40.7,-6.4,67.6
88-carry-guitar-dance,3,44.1,20.1,64.4
88-carry-guitar-guy-dances,2,57.1,34.0,80.2
88-play-guitar-dance,3,13.9,-37.3,52.0
88-play-guitars-dance,3,31.9,13.1,66.4
89-hoodie-island,1,50.6,50.6,50.6
89-hoodie-snow,1,3.8,3.8,3.8
89-island,1,-38.5,-38.5,-38.5
89-snow,1,65.7,65.7,65.7
9-long,0,,,
9-short1,0,,,
9-short2,0,,,
9-short3,0,,,
90-he-plays-soccer,1,12.3,12.3,12.3
90-he-swims,1,12.6,12.6,12.6
90-they-play-soccer,4,41.7,12.3,63.8
90-they-swim,3,35.3,12.6,59.2
91-read-write,6,25.9,-24.6,60.9
91-they-write,6,26.0,-24.4,60.9
91-throws-plane-reads,6,26.6,-53.4,60.9
91-throws-plane-writes,6,26.7,-53.2,60.7
92-clown-large-hat,1,76.5,76.5,76.5
92-clown-small-hat,1,61.0,61.0,61.0
92-kid-large-hat,1,6.2,6.2,6.2
92-kid-small-hat,1,34.1,34.1,34.1
93-duck-behind-turtle,0,,,
93-duck-on-bridge,0,,,
93-duck-turtle-on-bridge,0,,,
93-turtle-behind-duck,0,,,
94-book-falls,1,43.6,43.6,43.6
94-stub-toe,1,70.4,70.4,70.4
94-stub-toe-book-falls,1,62.0,62.0,62.0
94-trip-rock,1,16.1,16.1,16.1
95-boy-chase-large-dog,1,66.0,66.0,66.0
95-boy-chase-small-dog,1,66.0,66.0,66.0
95-large-dog-chase-boy,1,66.0,66.0,66.0
95-small-dog-chase-boy,1,66.0,66.0,66.0
96-both-girls-hold-backpacks,2,34.0,19.3,48.7
96-short-girl-hold-backpack,2,35.2,21.2,49.3
96-short-girl-wear-backpack,2,35.1,21.1,49.1
96-tall-girl-hold-backpack,2,35.2,21.2,49.2
96-tall-girl-holds-backpack-and-flower,2,34.4,19.7,49.1
96-tall-girl-holds-flower-wears-backpack,2,35.1,21.1,49.1
96-tall-girl-pencil,2,35.2,21.2,49.3
96-tall-girl-wear-backpack,2,35.2,21.2,49.2
97-broken-train-on-rug,0,,,
97-empty-rug,0,,,
97-empty-shelf,0,,,
97-train-on-rug,0,,,
97-train-on-shelf,0,,,
98-eat-and-swing,0,,,
98-eat-banana,0,,,
98-eat-brown-banana,0,,,
98-eat-not-swing,0,,,
98-look-banana,0,,,
98-look-brown-banana,0,,,
98-not-eat-not-swing,0,,,
98-swing-not-eat,0,,,
99-rainy,1,-21.7,-21.7,-21.7
99-rainy-sun,1,-21.7,-21.7,-21.7
99-stormy,1,-21.7,-21.7,-21.7
99-sunny,1,-21.7,-21.7,-21.7
