id,item_uid,action,dataset,language,content_version,date_start,date_end,n_trials,n_runs,accuracy,chance,item_rest_r,item_rest_r_lo,item_rest_r_hi,monotonicity,gain_top_minus_bottom,gain_lo,gain_hi,evidence_note,rationale,status,source,airtable_now,datasets
1,tom_story10_deception_false_belief_1,exclude,,,,,,257,257,0.669,0.5,-0.035,-0.171,0.102,inconclusive,0.016,-0.137,0.169,,Does not discriminate: item-rest r CI spans 0 in every language; inconclusive in the monotonicity screen. The same question type works in stories 4 and 16.,proposed,PR #28 record 6; chapter: The exclusion list,"tom_deception_false_belief_1 for pilot_mpieva_de_main, pilot_uniandes_co_bogota, pilot_uniandes_co_rural, pilot_western_ca_main (generic row; matches nothing today)","pilot_mpieva_de_main, pilot_uniandes_co_bogota, pilot_uniandes_co_rural, pilot_western_ca_main, rfp1_mpib_de_main, rfp1_mpib_intl_ys, rfp1_sheffield_gb_main, rfp1_utdt_intl_ys"
2,tom_story11_reference_reference,exclude,,,,,,252,252,0.135,0.33,-0.198,-0.325,-0.064,flat,-0.078,-0.186,0.03,,"Asks what the listener will do; the key is the listener's misreading. Children answer with what the speaker meant (the reality-check answer), more so the higher they score and the older they are. Below or at chance in every language; negative item-rest r; reversed or flat in the monotonicity screen. A flipped key only duplicates the reality check: a design problem, so redesign rather than re-key.",proposed,PR #28 record 1; chapter: The reference questions,"tom_reference_reference for pilot_mpieva_de_main, pilot_uniandes_co_bogota, pilot_uniandes_co_rural, pilot_western_ca_main (generic row; matches nothing today)","pilot_mpieva_de_main, pilot_uniandes_co_bogota, pilot_uniandes_co_rural, pilot_western_ca_main, rfp1_mpib_de_main, rfp1_mpib_intl_ys, rfp1_sheffield_gb_main, rfp1_utdt_intl_ys"
3,tom_story17_reference_reference,exclude,,,,,,1452,1452,0.066,0.33,-0.084,-0.137,-0.032,reversed,-0.051,-0.081,-0.02,,"Asks what the listener will do; the key is the listener's misreading. Children answer with what the speaker meant (the reality-check answer), more so the higher they score and the older they are. Below or at chance in every language; negative item-rest r; reversed or flat in the monotonicity screen. A flipped key only duplicates the reality check: a design problem, so redesign rather than re-key.",proposed,PR #28 record 1; chapter: The reference questions,"tom_reference_reference for pilot_mpieva_de_main, pilot_uniandes_co_bogota, pilot_uniandes_co_rural, pilot_western_ca_main (generic row; matches nothing today)","pilot_mpieva_de_main, pilot_uniandes_co_bogota, pilot_uniandes_co_rural, pilot_western_ca_main, rfp1_mpib_de_main, rfp1_mpib_intl_ys, rfp1_sheffield_gb_main, rfp1_utdt_ar_main, rfp1_utdt_intl_ys"
4,tom_story5_reference_reference,exclude,,,,,,942,942,0.246,0.33,-0.165,-0.228,-0.1,reversed,-0.157,-0.229,-0.086,,"Asks what the listener will do; the key is the listener's misreading. Children answer with what the speaker meant (the reality-check answer), more so the higher they score and the older they are. Below or at chance in every language; negative item-rest r; reversed or flat in the monotonicity screen. A flipped key only duplicates the reality check: a design problem, so redesign rather than re-key.",proposed,PR #28 record 1; chapter: The reference questions,"tom_reference_reference for pilot_mpieva_de_main, pilot_uniandes_co_bogota, pilot_uniandes_co_rural, pilot_western_ca_main (generic row; matches nothing today)","pilot_langcog_us_downex, pilot_mpieva_de_main, pilot_uniandes_co_bogota, pilot_uniandes_co_rural, pilot_western_ca_main, rfp1_mpib_de_main, rfp1_mpib_intl_ys, rfp1_sheffield_gb_main, rfp1_utdt_intl_ys"
5,tom_story17_reference_emotion_reasoning_1,exclude (or rewrite),,,,,,1451,1451,0.689,0.25,-0.004,-0.057,0.049,flat,0.005,-0.055,0.065,,"'How do you think Mom feels about not finding the book she wanted?' (keyed sad). Flat in the monotonicity screen; reversed in German, where higher scorers answer 'surprised' (defensible for someone who expected the book to be there); elsewhere answers split between sad, scared and surprised at every level.",new 2026-09-28 (not in PR #28),chapter: Do higher scorers do better?; recommendation 5,none,"pilot_mpieva_de_main, pilot_uniandes_co_bogota, pilot_uniandes_co_rural, pilot_western_ca_main, rfp1_mpib_de_main, rfp1_mpib_intl_ys, rfp1_sheffield_gb_main, rfp1_utdt_ar_main, rfp1_utdt_intl_ys"
6,tom_story4_deception_reality_check_2,"exclude, or re-key to 'no' (scoped)",,,4g,2024-10-24,,622,622,0.328,0.5,-0.088,-0.169,-0.005,flat,-0.024,-0.118,0.07,,"'Is Mother mad at Isabel now?' Below chance in de-DE and en-US, flat in the monotonicity screen. On image 4g the 'yes' key conflicts with the scene (Mother, Isabel and Joshua smiling; the story never says Mother learns what Isabel did). Works on the earlier image 4d. With the key flipped to 'no' the 4g item discriminates, but weakly; re-key only if the content team confirms 'no' for 4g.",proposed,PR #28 record 2; chapter: The exclusion list,"tom_deception_reality_check_2 for pilot_mpieva_de_main, pilot_uniandes_co_bogota, pilot_uniandes_co_rural, pilot_western_ca_main (generic row; matches nothing today)","pilot_langcog_us_downex, pilot_mpieva_de_main, pilot_uniandes_co_bogota, pilot_uniandes_co_rural, pilot_western_ca_main, rfp1_mpib_de_main, rfp1_mpib_intl_ys, rfp1_sheffield_gb_main, rfp1_utdt_intl_ys"
7,tom_story4_deception_reality_check_3,"exclude, or re-key to 'no' (scoped)",,,4g,2024-10-24,,621,621,0.188,0.5,-0.117,-0.198,-0.034,reversed,-0.086,-0.161,-0.011,,"'Is Joshua mad at Isabel now?' Below chance in every language; reversed in the monotonicity screen. On image 4g the 'yes' key conflicts with the scene (Mother, Isabel and Joshua smiling; the story never says Mother learns what Isabel did). Works on the earlier image 4d. With the key flipped to 'no' the 4g item discriminates, but weakly; re-key only if the content team confirms 'no' for 4g.",proposed,PR #28 record 3; chapter: The exclusion list,"tom_deception_reality_check_3 for pilot_mpieva_de_main, pilot_uniandes_co_bogota, pilot_uniandes_co_rural, pilot_western_ca_main (generic row; matches nothing today)","pilot_langcog_us_downex, pilot_mpieva_de_main, pilot_uniandes_co_bogota, pilot_uniandes_co_rural, pilot_western_ca_main, rfp1_mpib_de_main, rfp1_mpib_intl_ys, rfp1_sheffield_gb_main, rfp1_utdt_intl_ys"
8,tom_story2_moral_reasoning_reality_check_1,exclude (scoped),pilot_uniandes_co_bogota,,2e,,2024-07-01,229,229,0.087,0.5,-0.112,-0.239,0.018,flat,-0.067,-0.16,0.027,,"Below chance on this content only; V0 children chose the mirror image of later children ('coats' for key 'shelf'). Flat in the monotonicity screen. First Bogota content (2e, May-June 2024). Cause undetermined: an inverted key, a question identity swapped in the retroactive V0 map, or the content itself; no V0 corpus survives.",proposed,PR #28 record 4; chapter: The exclusion list,"tom_moral_reasoning_reality_check_1 for pilot_mpieva_de_main, pilot_uniandes_co_bogota, pilot_uniandes_co_rural, pilot_western_ca_main (generic row; matches nothing today)",pilot_uniandes_co_bogota
9,tom_story2_moral_reasoning_reality_check_2,exclude (scoped),pilot_uniandes_co_bogota,,2e,,2024-07-01,229,229,0.659,0.5,,,,reversed,-0.205,-0.352,-0.057,gain on the V0 content only; no item-rest r for this scope,"On the same V0 content higher scorers do worse (reversed); on later content it is near ceiling and rises with score. Also non-invariant only because of V0. First Bogota content (2e, May-June 2024). Cause undetermined: an inverted key, a question identity swapped in the retroactive V0 map, or the content itself; no V0 corpus survives.",new 2026-09-28 (not in PR #28),chapter: Do higher scorers do better?; recommendation 3,none,pilot_uniandes_co_bogota
10,tom_story13_reality_known_false_belief,"hold: analysis flag only, no Airtable row yet",,"es-AR, es-CO",,,,1255,1255,0.239,0.5,0.016,-0.042,0.073,inconclusive,0.053,-0.01,0.116,item-rest r and gain for es-AR (largest Spanish sample),Below chance and non-discriminating in Spanish; Spanish children also lower at matched age; fine in German. Wait for the translation check before writing a language-scoped row (the row would be unchecked meanwhile). Stories 1 and 7 (same question) still discriminate in Spanish.,proposed (unchecked row),PR #28 record 5; chapter: Item screen,"tom_reality_known_false_belief for pilot_mpieva_de_main, pilot_uniandes_co_bogota, pilot_uniandes_co_rural, pilot_western_ca_main (generic row; matches nothing today)","pilot_uniandes_co_bogota, pilot_uniandes_co_rural, rfp1_mpib_intl_ys, rfp1_utdt_ar_main, rfp1_utdt_intl_ys"
11,tom_story12_second_order_false_belief_2,correct: chance .33 -> .5,,,,,,249,249,0.924,0.5,0.236,0.072,0.387,higher scorers do better,0.088,0.005,0.17,,"Yes/no question stored with the chance of its generic uid (.33, a 3-option question in other stories), so it is fit with the wrong guessing floor.",in PR #27 (code); the #27 proposal moves it to the item bank,PR #27; chapter: Data and provenance,"tom_second_order_false_belief_2 for pilot_mpieva_de_main, pilot_uniandes_co_bogota, pilot_uniandes_co_rural, pilot_western_ca_main (generic row; matches nothing today)","pilot_mpieva_de_main, pilot_uniandes_co_bogota, pilot_uniandes_co_rural, pilot_western_ca_main, rfp1_mpib_intl_ys, rfp1_sheffield_gb_main, rfp1_utdt_intl_ys"
12,tom_story18_second_order_false_belief_2,correct: chance .33 -> .5,,,,,,1409,1409,0.903,0.5,0.327,0.276,0.376,higher scorers do better,0.183,0.144,0.222,,"Yes/no question stored with the chance of its generic uid (.33, a 3-option question in other stories), so it is fit with the wrong guessing floor.",in PR #27 (code); the #27 proposal moves it to the item bank,PR #27; chapter: Data and provenance,"tom_second_order_false_belief_2 for pilot_mpieva_de_main, pilot_uniandes_co_bogota, pilot_uniandes_co_rural, pilot_western_ca_main (generic row; matches nothing today)","pilot_mpieva_de_main, pilot_uniandes_co_bogota, pilot_uniandes_co_rural, pilot_western_ca_main, rfp1_mpib_intl_ys, rfp1_sheffield_gb_main, rfp1_utdt_ar_main, rfp1_utdt_intl_ys"
13,tom_story6_second_order_false_belief_3,correct: chance .33 -> .5,,,,,,950,950,0.68,0.5,0.338,0.278,0.395,higher scorers do better,0.324,0.257,0.391,,"Yes/no question stored with the chance of its generic uid (.33, a 3-option question in other stories), so it is fit with the wrong guessing floor.",in PR #27 (code); the #27 proposal moves it to the item bank,PR #27; chapter: Data and provenance,"tom_second_order_false_belief_3 for pilot_mpieva_de_main, pilot_uniandes_co_bogota, pilot_uniandes_co_rural, pilot_western_ca_main (generic row; matches nothing today)","pilot_langcog_us_downex, pilot_mpieva_de_main, pilot_uniandes_co_bogota, pilot_uniandes_co_rural, pilot_western_ca_main, rfp1_mpib_de_main, rfp1_mpib_intl_ys, rfp1_sheffield_gb_main, rfp1_utdt_intl_ys"
14,tom_story10_deception_emotion_reasoning_2,un-exclude: remove the generic row,,,,,,257,257,0.887,0.25,0.134,-0.003,0.266,inconclusive,0.072,-0.029,0.172,,Behaves normally: above chance and discriminating.,proposed,chapter: The exclusion list,"tom_deception_emotion_reasoning_2 for pilot_mpieva_de_main, pilot_uniandes_co_bogota, pilot_uniandes_co_rural, pilot_western_ca_main (generic row; matches nothing today)","pilot_mpieva_de_main, pilot_uniandes_co_bogota, pilot_uniandes_co_rural, pilot_western_ca_main, rfp1_mpib_de_main, rfp1_mpib_intl_ys, rfp1_sheffield_gb_main, rfp1_utdt_intl_ys"
15,tom_story10_deception_reality_check_2,un-exclude: remove the generic row,,,,,,258,258,0.899,0.5,0.279,0.149,0.401,higher scorers do better,0.137,0.039,0.235,,Behaves normally: above chance and discriminating.,proposed,chapter: The exclusion list,"tom_deception_reality_check_2 for pilot_mpieva_de_main, pilot_uniandes_co_bogota, pilot_uniandes_co_rural, pilot_western_ca_main (generic row; matches nothing today)","pilot_mpieva_de_main, pilot_uniandes_co_bogota, pilot_uniandes_co_rural, pilot_western_ca_main, rfp1_mpib_de_main, rfp1_mpib_intl_ys, rfp1_sheffield_gb_main, rfp1_utdt_intl_ys"
16,tom_story10_deception_reality_check_3,un-exclude: remove the generic row,,,,,,258,258,0.907,0.5,0.163,0.027,0.293,higher scorers do better,0.096,0.004,0.187,,Behaves normally: above chance and discriminating.,proposed,chapter: The exclusion list,"tom_deception_reality_check_3 for pilot_mpieva_de_main, pilot_uniandes_co_bogota, pilot_uniandes_co_rural, pilot_western_ca_main (generic row; matches nothing today)","pilot_mpieva_de_main, pilot_uniandes_co_bogota, pilot_uniandes_co_rural, pilot_western_ca_main, rfp1_mpib_de_main, rfp1_mpib_intl_ys, rfp1_sheffield_gb_main, rfp1_utdt_intl_ys"
17,tom_story12_second_order_false_belief_2,un-exclude: remove the generic row,,,,,,249,249,0.924,0.5,0.236,0.072,0.387,higher scorers do better,0.088,0.005,0.17,,Behaves normally: above chance and discriminating.,proposed,chapter: The exclusion list,"tom_second_order_false_belief_2 for pilot_mpieva_de_main, pilot_uniandes_co_bogota, pilot_uniandes_co_rural, pilot_western_ca_main (generic row; matches nothing today)","pilot_mpieva_de_main, pilot_uniandes_co_bogota, pilot_uniandes_co_rural, pilot_western_ca_main, rfp1_mpib_intl_ys, rfp1_sheffield_gb_main, rfp1_utdt_intl_ys"
18,tom_story12_second_order_false_belief_3,un-exclude: remove the generic row,,,,,,249,249,0.747,0.33,0.221,0.086,0.348,higher scorers do better,0.182,0.05,0.314,,Behaves normally: above chance and discriminating.,proposed,chapter: The exclusion list,"tom_second_order_false_belief_3 for pilot_mpieva_de_main, pilot_uniandes_co_bogota, pilot_uniandes_co_rural, pilot_western_ca_main (generic row; matches nothing today)","pilot_mpieva_de_main, pilot_uniandes_co_bogota, pilot_uniandes_co_rural, pilot_western_ca_main, rfp1_mpib_intl_ys, rfp1_sheffield_gb_main, rfp1_utdt_intl_ys"
19,tom_story14_moral_reasoning_reality_check_1,un-exclude: remove the generic row,,,,,,1449,1449,0.876,0.5,0.136,0.084,0.188,higher scorers do better,0.106,0.065,0.147,,Above chance but discriminates weakly; no reason to exclude.,proposed,chapter: The exclusion list,"tom_moral_reasoning_reality_check_1 for pilot_mpieva_de_main, pilot_uniandes_co_bogota, pilot_uniandes_co_rural, pilot_western_ca_main (generic row; matches nothing today)","pilot_mpieva_de_main, pilot_uniandes_co_bogota, pilot_uniandes_co_rural, pilot_western_ca_main, rfp1_mpib_de_main, rfp1_mpib_intl_ys, rfp1_sheffield_gb_main, rfp1_utdt_ar_main, rfp1_utdt_intl_ys"
20,tom_story16_deception_emotion_reasoning_2,un-exclude: remove the generic row,,,,,,1411,1411,0.669,0.25,0.226,0.175,0.277,higher scorers do better,0.223,0.164,0.283,,Behaves normally: above chance and discriminating.,proposed,chapter: The exclusion list,"tom_deception_emotion_reasoning_2 for pilot_mpieva_de_main, pilot_uniandes_co_bogota, pilot_uniandes_co_rural, pilot_western_ca_main (generic row; matches nothing today)","pilot_mpieva_de_main, pilot_uniandes_co_bogota, pilot_uniandes_co_rural, pilot_western_ca_main, rfp1_mpib_de_main, rfp1_mpib_intl_ys, rfp1_sheffield_gb_main, rfp1_utdt_ar_main, rfp1_utdt_intl_ys"
21,tom_story16_deception_false_belief_1,un-exclude: remove the generic row,,,,,,1410,1410,0.819,0.5,0.247,0.196,0.297,higher scorers do better,0.195,0.145,0.245,,Behaves normally: above chance and discriminating.,proposed,chapter: The exclusion list,"tom_deception_false_belief_1 for pilot_mpieva_de_main, pilot_uniandes_co_bogota, pilot_uniandes_co_rural, pilot_western_ca_main (generic row; matches nothing today)","pilot_mpieva_de_main, pilot_uniandes_co_bogota, pilot_uniandes_co_rural, pilot_western_ca_main, rfp1_mpib_de_main, rfp1_mpib_intl_ys, rfp1_sheffield_gb_main, rfp1_utdt_ar_main, rfp1_utdt_intl_ys"
22,tom_story18_second_order_false_belief_2,un-exclude: remove the generic row,,,,,,1409,1409,0.903,0.5,0.327,0.276,0.376,higher scorers do better,0.183,0.144,0.222,,Behaves normally: above chance and discriminating.,proposed,chapter: The exclusion list,"tom_second_order_false_belief_2 for pilot_mpieva_de_main, pilot_uniandes_co_bogota, pilot_uniandes_co_rural, pilot_western_ca_main (generic row; matches nothing today)","pilot_mpieva_de_main, pilot_uniandes_co_bogota, pilot_uniandes_co_rural, pilot_western_ca_main, rfp1_mpib_intl_ys, rfp1_sheffield_gb_main, rfp1_utdt_ar_main, rfp1_utdt_intl_ys"
23,tom_story18_second_order_false_belief_3,un-exclude: remove the generic row,,,,,,1408,1408,0.692,0.33,0.348,0.3,0.395,higher scorers do better,0.355,0.298,0.411,,Behaves normally: above chance and discriminating.,proposed,chapter: The exclusion list,"tom_second_order_false_belief_3 for pilot_mpieva_de_main, pilot_uniandes_co_bogota, pilot_uniandes_co_rural, pilot_western_ca_main (generic row; matches nothing today)","pilot_mpieva_de_main, pilot_uniandes_co_bogota, pilot_uniandes_co_rural, pilot_western_ca_main, rfp1_mpib_intl_ys, rfp1_sheffield_gb_main, rfp1_utdt_ar_main, rfp1_utdt_intl_ys"
24,tom_story1_reality_known_false_belief,un-exclude: remove the generic row,,,,,,924,924,0.658,0.5,0.359,0.299,0.416,higher scorers do better,0.357,0.287,0.427,,Below chance in Spanish but discriminates (children answer with the real location); no reason to exclude.,proposed,chapter: The exclusion list,"tom_reality_known_false_belief for pilot_mpieva_de_main, pilot_uniandes_co_bogota, pilot_uniandes_co_rural, pilot_western_ca_main (generic row; matches nothing today)","pilot_langcog_us_downex, pilot_mpieva_de_main, pilot_uniandes_co_bogota, pilot_uniandes_co_rural, pilot_western_ca_main, rfp1_mpib_de_main, rfp1_mpib_intl_ys, rfp1_sheffield_gb_main, rfp1_utdt_intl_ys"
25,tom_story4_deception_emotion_reasoning_2,un-exclude: remove the generic row,,,,,,623,623,0.769,0.25,0.324,0.248,0.396,higher scorers do better,0.26,0.18,0.339,,Behaves normally: above chance and discriminating.,proposed,chapter: The exclusion list,"tom_deception_emotion_reasoning_2 for pilot_mpieva_de_main, pilot_uniandes_co_bogota, pilot_uniandes_co_rural, pilot_western_ca_main (generic row; matches nothing today)","pilot_langcog_us_downex, pilot_mpieva_de_main, pilot_uniandes_co_bogota, pilot_uniandes_co_rural, pilot_western_ca_main, rfp1_mpib_de_main, rfp1_mpib_intl_ys, rfp1_sheffield_gb_main, rfp1_utdt_intl_ys"
26,tom_story4_deception_false_belief_1,un-exclude: remove the generic row,,,,,,938,938,0.81,0.5,0.194,0.129,0.257,higher scorers do better,0.148,0.085,0.21,,Behaves normally: above chance and discriminating.,proposed,chapter: The exclusion list,"tom_deception_false_belief_1 for pilot_mpieva_de_main, pilot_uniandes_co_bogota, pilot_uniandes_co_rural, pilot_western_ca_main (generic row; matches nothing today)","pilot_langcog_us_downex, pilot_mpieva_de_main, pilot_uniandes_co_bogota, pilot_uniandes_co_rural, pilot_western_ca_main, rfp1_mpib_de_main, rfp1_mpib_intl_ys, rfp1_sheffield_gb_main, rfp1_utdt_intl_ys"
27,tom_story6_second_order_false_belief_2,un-exclude: remove the generic row,,,,,,951,951,0.578,0.33,0.394,0.337,0.448,higher scorers do better,0.462,0.392,0.531,,Behaves normally: above chance and discriminating.,proposed,chapter: The exclusion list,"tom_second_order_false_belief_2 for pilot_mpieva_de_main, pilot_uniandes_co_bogota, pilot_uniandes_co_rural, pilot_western_ca_main (generic row; matches nothing today)","pilot_langcog_us_downex, pilot_mpieva_de_main, pilot_uniandes_co_bogota, pilot_uniandes_co_rural, pilot_western_ca_main, rfp1_mpib_de_main, rfp1_mpib_intl_ys, rfp1_sheffield_gb_main, rfp1_utdt_intl_ys"
28,tom_story6_second_order_false_belief_3,un-exclude: remove the generic row,,,,,,950,950,0.68,0.5,0.338,0.278,0.395,higher scorers do better,0.324,0.257,0.391,,Behaves normally: above chance and discriminating.,proposed,chapter: The exclusion list,"tom_second_order_false_belief_3 for pilot_mpieva_de_main, pilot_uniandes_co_bogota, pilot_uniandes_co_rural, pilot_western_ca_main (generic row; matches nothing today)","pilot_langcog_us_downex, pilot_mpieva_de_main, pilot_uniandes_co_bogota, pilot_uniandes_co_rural, pilot_western_ca_main, rfp1_mpib_de_main, rfp1_mpib_intl_ys, rfp1_sheffield_gb_main, rfp1_utdt_intl_ys"
29,tom_story6_second_order_false_belief_4,un-exclude: remove the generic row,,,,,,948,948,0.467,0.33,0.238,0.175,0.299,higher scorers do better,0.269,0.189,0.349,,Behaves normally: above chance and discriminating.,proposed,chapter: The exclusion list,"tom_second_order_false_belief_4 for pilot_mpieva_de_main, pilot_uniandes_co_bogota, pilot_uniandes_co_rural, pilot_western_ca_main (generic row; matches nothing today)","pilot_langcog_us_downex, pilot_mpieva_de_main, pilot_uniandes_co_bogota, pilot_uniandes_co_rural, pilot_western_ca_main, rfp1_mpib_de_main, rfp1_mpib_intl_ys, rfp1_sheffield_gb_main, rfp1_utdt_intl_ys"
30,tom_story6_second_order_false_belief_5,un-exclude: remove the generic row,,,,,,950,950,0.535,0.33,0.273,0.211,0.332,higher scorers do better,0.32,0.244,0.397,,Behaves normally: above chance and discriminating.,proposed,chapter: The exclusion list,"tom_second_order_false_belief_5 for pilot_mpieva_de_main, pilot_uniandes_co_bogota, pilot_uniandes_co_rural, pilot_western_ca_main (generic row; matches nothing today)","pilot_langcog_us_downex, pilot_mpieva_de_main, pilot_uniandes_co_bogota, pilot_uniandes_co_rural, pilot_western_ca_main, rfp1_mpib_de_main, rfp1_mpib_intl_ys, rfp1_sheffield_gb_main, rfp1_utdt_intl_ys"
31,tom_story6_second_order_reality_check,un-exclude: remove the generic row,,,,,,951,951,0.845,0.5,0.268,0.206,0.329,higher scorers do better,0.174,0.117,0.231,,Behaves normally: above chance and discriminating.,proposed,chapter: The exclusion list,"tom_second_order_reality_check for pilot_mpieva_de_main, pilot_uniandes_co_bogota, pilot_uniandes_co_rural, pilot_western_ca_main (generic row; matches nothing today)","pilot_langcog_us_downex, pilot_mpieva_de_main, pilot_uniandes_co_bogota, pilot_uniandes_co_rural, pilot_western_ca_main, rfp1_mpib_de_main, rfp1_mpib_intl_ys, rfp1_sheffield_gb_main, rfp1_utdt_intl_ys"
32,tom_story7_reality_known_false_belief,un-exclude: remove the generic row,,,,,,273,273,0.619,0.5,0.24,0.11,0.363,higher scorers do better,0.209,0.086,0.333,,Below chance in Spanish but discriminates (children answer with the real location); no reason to exclude.,proposed,chapter: The exclusion list,"tom_reality_known_false_belief for pilot_mpieva_de_main, pilot_uniandes_co_bogota, pilot_uniandes_co_rural, pilot_western_ca_main (generic row; matches nothing today)","pilot_mpieva_de_main, pilot_uniandes_co_bogota, pilot_uniandes_co_rural, pilot_western_ca_main, rfp1_mpib_de_main, rfp1_mpib_intl_ys, rfp1_sheffield_gb_main, rfp1_utdt_intl_ys"
33,tom_story8_moral_reasoning_reality_check_1,un-exclude: remove the generic row,,,,,,251,251,0.896,0.5,0.2,0.063,0.33,inconclusive,0.058,-0.03,0.147,,Behaves normally: above chance and discriminating.,proposed,chapter: The exclusion list,"tom_moral_reasoning_reality_check_1 for pilot_mpieva_de_main, pilot_uniandes_co_bogota, pilot_uniandes_co_rural, pilot_western_ca_main (generic row; matches nothing today)","pilot_mpieva_de_main, pilot_uniandes_co_bogota, pilot_uniandes_co_rural, pilot_western_ca_main, rfp1_mpib_de_main, rfp1_mpib_intl_ys, rfp1_sheffield_gb_main, rfp1_utdt_intl_ys"
34,tom_story16_deception_reference_2,review (not proposed for exclusion),,,,,,1409,1409,0.515,0.5,0.135,0.082,0.187,higher scorers do better,0.164,0.099,0.229,,Candidate for revision: near-chance yes/no 'Is [sibling] mad at [sibling]?'.,for the content team,chapter: Item screen; recommendation 5,none,"pilot_mpieva_de_main, pilot_uniandes_co_bogota, pilot_uniandes_co_rural, pilot_western_ca_main, rfp1_mpib_de_main, rfp1_mpib_intl_ys, rfp1_sheffield_gb_main, rfp1_utdt_ar_main, rfp1_utdt_intl_ys"
35,tom_story16_deception_reference_5,review (not proposed for exclusion),,,,,,1401,1401,0.598,0.5,0.083,0.03,0.137,higher scorers do better,0.105,0.041,0.169,,Candidate for revision: barely discriminates.,for the content team,chapter: Item screen; recommendation 5,none,"pilot_mpieva_de_main, pilot_uniandes_co_bogota, pilot_uniandes_co_rural, pilot_western_ca_main, rfp1_mpib_de_main, rfp1_mpib_intl_ys, rfp1_sheffield_gb_main, rfp1_utdt_ar_main, rfp1_utdt_intl_ys"
36,tom_story4_deception_false_belief_3,review (not proposed for exclusion),,,,,,939,939,0.486,0.5,0.124,0.058,0.189,higher scorers do better,0.172,0.092,0.252,,Candidate for revision: near-chance yes/no 'Is [sibling] mad at [sibling]?'.,for the content team,chapter: Item screen; recommendation 5,none,"pilot_langcog_us_downex, pilot_mpieva_de_main, pilot_uniandes_co_bogota, pilot_uniandes_co_rural, pilot_western_ca_main, rfp1_mpib_de_main, rfp1_mpib_intl_ys, rfp1_sheffield_gb_main, rfp1_utdt_intl_ys"
